NEW_ID,ID,PART_NUMBER,IMAGE_TYPE,IMAGE_DESCRIPTION,IMAGE_PRICE,IMAGE_CATEGORY,IMAGE_PATH,SMALL_IMAGE_PATH,IMAGE_WIDTH,IMAGE_HEIGHT,LEFT_PAIR_1,RIGHT_PAIR_1,LEFT_PAIR_2,RIGHT_PAIR_2,LEFT_PAIR_3,RIGHT_PAIR_3,LEFT_PAIR_4,RIGHT_PAIR_4,LEFT_PAIR_5,RIGHT_PAIR_5,LEFT_PAIR_6,RIGHT_PAIR_6,EXTRA_PAIR,OVER_SIZED,LONG_INSERT_COMPATIBLE,INSERT_SNAP_IN_COUNT
,1,21,1,"Symphony Clamp-On Table Box stocked model w/ 2 AC outlets, 1 Dual Charger, Aluminum housing",$145.00,12,/Symph/images/back_images/Clamp-on/SYM-CL-2AC-1CA-CCC/SYM-CL-2AC-1CA-CCC_allwhite.png,,394,200,,,,,,,,,,,,,,0,0,0
,3,211S,1,"Symphony Clamp-On Table Box stocked model w/ 2 AC outlets, 1 Dual Charger, 1 Snap-In kit, Aluminum housing",$154.00,12,/Symph/images/back_images/Clamp-on/SYM-CL-2AC-1CA-1SS-CCC/SYM-CL-2AC-1CA-1SS-CCC_empty_allwhite.png,,469,200,"371,80","500,80",,,,,,,,,,,,0,1,1
,,,,,,,,,,,,,,,,,,,,,,,,,,
,24,21,1,"Symphony Under-Table Table Box w/ 2 AC outlets, 1 Dual Charger, Aluminum housing ",$145.00 ,22,/Symph/images/back_images/Under-Table/SYM-UT-2AC-1CA-CCC/SYM-UT-2AC-1CA-CCC_allwhite.png,,394,200,,,,,,,,,,,,,,0,0,0
,25,211S,1,"Symphony Under-Table Table Box w/ 2 AC outlets, 1 Dual Charger, 1 Snap-In kit, Aluminum housing ",$154.00 ,22,/Symph/images/back_images/Under-Table/SYM-UT-2AC-1CA-1SS-CCC/SYM-UT-2AC-1CA-1SS-CCC_allwhite.png,,469,200,"37,80","167,80",,,,,,,,,,,,0,1,1
,,,,,,,,,,,,,,,,,,,,,,,,,,
,41,SYM-LXU41S,1,"Symphony Under-Table Table Box w/ 4 AC outlets, 1 Snap-In kit, Aluminum housing",$163.00 ,24,/Symph/images/back_images/Under-Table/SYM-UT-4AC-1SS-CCC/SYM-UT-4AC-1SS-CCC_allwhite.png,,590,200,"41,80","171,80",,,,,,,,,,,,0,1,1
,,,,,,,,,,,,,,,,,,,,,,,,,,
,,,,,,,,,,,,,,,,,,,,,,,,,,
,72,Blank Insert,2,Allwhite Empty Description,$0.00,1,/Symph/images/front_images/Snap-Ins-Plates/empty_allwhite.png,,78,148,"7,54","136,54",,,,,,,,,,,,0,0,0
,73,Single Insert,2,Allwhite 1slot Description,$0.00,1,/Symph/images/front_images/Snap-Ins-Plates/1slot_allwhite.png,,78,148,"7,54","136,54",,,,,,,,,,,"7,49",0,0,1
,74,Dual Insert,2,Allwhite 2slot Description,$0.00,1,/Symph/images/front_images/Snap-Ins-Plates/2slot_allwhite.png,,78,148,"7,54","136,54",,,,,,,,,,,"7,17|7,83",0,0,2
,,,,,,,,,,,,,,,,,,,,,,,,,,
,75,SS-CAT5e-X,2,Symphony Punch Down - CAT5 jack,$17.00,11,/Symph/images/front_images/Snap-Ins/SS-CAT5e-X/SS-CAT5e-X_allwhite.png,/Symph/images/front_images/Snap-Ins/SS-CAT5e-X/SS-CAT5e-X_allwhite.png,65,60,,,,,,,,,,,,,,0,0,
,76,SS-CAT6-X,2,Symphony Punch Down - CAT6 jack,$24.00,11,/Symph/images/front_images/Snap-Ins/SS-CAT6-X/SS-CAT6-X_allwhite.png,/Symph/images/front_images/Snap-Ins/SS-CAT6-X/SS-CAT6-X_allwhite.png,65,60,,,,,,,,,,,,,,0,0,
,77,SS-HDMI-X,2,HDMI Pass Through,$29.00,11,/Symph/images/front_images/Snap-Ins/SS-HDMI-X/SS-HDMI-X_allwhite.png,/Symph/images/front_images/Snap-Ins/SS-HDMI-X/SS-HDMI-X_allwhite.png,65,60,,,,,,,,,,,,,,0,0,
,78,SS-RJ45-X,2,CAT5E Pass Through,$17.00,11,/Symph/images/front_images/Snap-Ins/SS-RJ45-X/SS-RJ45-X_allwhite.png,/Symph/images/front_images/Snap-Ins/SS-RJ45-X/SS-RJ45-X_allwhite.png,65,60,,,,,,,,,,,,,,0,0,
,79,SS-RJCAT6-X,2,RJ-45 CAT6 Pass Through,$23.00,11,/Symph/images/front_images/Snap-Ins/SS-RJCAT6-X/SS-RJCAT6-X_allwhite.png,/Symph/images/front_images/Snap-Ins/SS-RJCAT6-X/SS-RJCAT6-X_allwhite.png,65,60,,,,,,,,,,,,,,0,0,
,80,SS-SCAT6A,2,CAT6A Shielded Snap In (Metal Finish),$29.00,11,/Symph/images/front_images/Snap-Ins/SS-SCAT6A/SS-SCAT6A_allwhite.png,/Symph/images/front_images/Snap-Ins/SS-SCAT6A/SS-SCAT6A_allwhite.png,65,60,,,,,,,,,,,,,,0,0,
,81,SS-USBA-X,2,Pass through Snap In - Fits any SS-3Port,$22.00,11,/Symph/images/front_images/Snap-Ins/SS-USBA-X/SS-USBA-X_allwhite.png,/Symph/images/front_images/Snap-Ins/SS-USBA-X/SS-USBA-X_allwhite.png,65,60,,,,,,,,,,,,,,0,0,
