﻿<?xml version="1.0" encoding="utf-8" ?>
<Language Name="English">
  <LocaleResource Name="ShopFast.Plugins.Misc.QuickCheckout.CartIsEmpty">
    <Value>Your cart is empty</Value>
  </LocaleResource>
  <LocaleResource Name="ShopFast.Plugins.Misc.QuickCheckout.AnonymousNotAllowed">
    <Value>Anonymous checkout is not allowed</Value>
  </LocaleResource>
  <LocaleResource Name="ShopFast.Plugins.Misc.QuickCheckout.PaymentMethodNotSelected">
    <Value>Payment method is not selected</Value>
  </LocaleResource>
  <LocaleResource Name="ShopFast.Plugins.Misc.QuickCheckout.IncorrectPaymentInfo">
    <Value>Payment information is not entered correctly</Value>
  </LocaleResource>
  <LocaleResource Name="ShopFast.Plugins.Misc.QuickCheckout.NotEnteredPaymentInfo">
    <Value>Payment information is not entered</Value>
  </LocaleResource>
</Language>
