NEW_ID,ID,PART_NUMBER,IMAGE_TYPE,IMAGE_DESCRIPTION,IMAGE_PRICE,IMAGE_CATEGORY,IMAGE_PATH,SMALL_IMAGE_PATH,IMAGE_WIDTH,IMAGE_HEIGHT,LEFT_PAIR_1,RIGHT_PAIR_1,LEFT_PAIR_2,RIGHT_PAIR_2,LEFT_PAIR_3,RIGHT_PAIR_3,LEFT_PAIR_4,RIGHT_PAIR_4,LEFT_PAIR_5,RIGHT_PAIR_5,LEFT_PAIR_6,RIGHT_PAIR_6,EXTRA_PAIR,OVER_SIZED,LONG_INSERT_COMPATIBLE,INSERT_SNAP_IN_COUNT
,1,SYM-CL-2AC-1CA-CCC,1,"Symphony Clamp-On Table Box stocked model w/ 2 AC outlets, 1 Dual Charger, Aluminum housing",$145.00 ,12,/Symph/images/back_images/Clamp-on/SYM-CL-2AC-1CA-CCC/SYM-CL-2AC-1CA-CCC_allwhite.png,,394,200,,,,,,,,,,,,,,0,0,0
,3,SYM-CL-2AC-1CA-1SS-CCC,1,"Symphony Clamp-On Table Box stocked model w/ 2 AC outlets, 1 Dual Charger, 1 Snap-In kit, Aluminum housing",$154.00 ,12,/Symph/images/back_images/Clamp-on/SYM-CL-2AC-1CA-1SS-CCC/SYM-CL-2AC-1CA-1SS-CCC_empty_allwhite.png,,469,200,"371,80","500,80",,,,,,,,,,,,0,1,1
,4,SYM-CL-2AC-1CA-1VGA-2SS-CCC,1,"Symphony Clamp-On Table Box w/ 2 AC outlets, 1 Dual Charger, 2 Snap-In kits, 1 VGA Insert, Aluminum housing ",$172.00 ,12,/Symph/images/back_images/Clamp-on/SYM-CL-2AC-1CA-1VGA-2SS-CCC/SYM-CL-2AC-1CA-1VGA-2SS-CCC_allwhite.png,,657,200,"485,80","615,80","560,80","690,80",,,,,,,,,,0,1,2
,5,SYM-CL-2AC-1CA-1XLR-2SS-CCC,1,"Symphony Clamp-On Table Box w/ 2 AC outlets, 1 Dual Charger, 2 Snap-In kits, 1 XLR Insert, Aluminum housing ",$172.00 ,12,/Symph/images/back_images/Clamp-on/SYM-CL-2AC-1CA-1XLR-2SS-CCC/SYM-CL-2AC-1CA-1XLR-2SS-CCC_allwhite.png,,654,200,"485,80","615,80","560,80","690,80",,,,,,,,,,0,1,2
,6,SYM-CL-2AC-1CA-2SS-CCC,1,"Symphony Clamp-On Table Box w/ 2 AC outlets, 1 Dual Charger, 2 Snap-In kits, Aluminum housing ",$163.00 ,12,/Symph/images/back_images/Clamp-on/SYM-CL-2AC-1CA-2SS-CCC/SYM-CL-2AC-1CA-2SS-CCC-allwhite.png,,549,200,"375,80","505,80","450,80","580,80",,,,,,,,,,0,1,2
,7,SYM-CL-2AC-2CA-1SS-CCC,1," Symphony Clamp-On Table w/ 2 AC outlets, 2 Dual Chargers, 1 Snap-In kit, Aluminum housing",$179.00 ,12,/Symph/images/back_images/Clamp-on/SYM-CL-2AC-2CA-1SS-CCC/SYM-CL-2AC-2CA-1SS-CCC_allwhite.png,,579,200,"482,80","612,80",,,,,,,,,,,,0,1,1
,8,SYM-CL-2AC-2CA-1VGA-2SS-CCC,1," Symphony Clamp-On Table Box w/ 2 AC outlets, 2 Dual Chargers, 2 Snap-In kits, 1 VGA Insert, Aluminum housing ",$197.00 ,12,/Symph/images/back_images/Clamp-on/SYM-CL-2AC-2CA-1VGA-2SS-CCC/SYM-CL-2AC-2CA-1VGA-2SS-CCC_allwhite.png,,767,200,"593,80","723,80","668,80","798,80",,,,,,,,,,0,1,2
,9,SYM-CL-2AC-2CA-1XLR-2SS-CCC,1," Symphony Clamp-On Table Box w/ 2 AC outlets, 2 Dual Chargers, 2 Snap-In kits, 1 XLR Insert, Aluminum housing ",$197.00 ,12,/Symph/images/back_images/Clamp-on/SYM-CL-2AC-2CA-1XLR-2SS-CCC/SYM-CL-2AC-2CA-1XLR-2SS-CCC_allwhite.png,,765,200,"593,80","723,80","668,80","798,80",,,,,,,,,,0,1,2
,10,SYM-CL-2AC-2CA-2SS-CCC,1," Symphony Clamp-On Table Box w/ 2 AC outlets, 2 Dual Charger, 2 Snap-In kits, Aluminum housing ",$188.00 ,12,/Symph/images/back_images/Clamp-on/SYM-CL-2AC-2CA-2SS-CCC/SYM-CL-2AC-2CA-2SS-CCC_allwhite.png,,658,200,"485,80","615,80","560,80","690,80",,,,,,,,,,0,1,2
,11,SYM-CL-2AC-2CA-CCC,1," Symphony Clamp-On Table Box w/ 2 AC outlets, 2 Dual Charger, Aluminum housing ",$170.00 ,12,/Symph/images/back_images/Clamp-on/SYM-CL-2AC-2CA-CCC/SYM-CL-2AC-2CA-CCC_allwhite.png,,512,200,,,,,,,,,,,,,,0,0,0
,,,,,,,,,,,,,,,,,,,,,,,,,,
,12,SYM-CL-3AC-1CA-CCC,1,"Symphony Clamp-On Table Box w/ 3 AC outlets, 1 Dual Charger, Aluminum housing",$162.00 ,13,/Symph/images/back_images/Clamp-on/SYM-CL-3AC-1CA-CCC/SYM-CL-3AC-1CA-CCC_allwhite.png,,508,200,,,,,,,,,,,,,,0,0,0
,13,SYM-CL-3AC-1CA-1SS-CCC,1,"Symphony Clamp-On Table Box w/ 3 AC outlets, 1 Dual Charger, 1 Snap-In kit, Aluminum housing",$171.00 ,13,/Symph/images/back_images/Clamp-on/SYM-CL-3AC-1CA-1SS-CCC/SYM-CL-3AC-1CA-1SS-CCC_allwhite.png,,582,200,"483,80","613,80",,,,,,,,,,,,0,1,1
,14,SYM-CL-3AC-1CA-2SS-CCC,1,"Symphony Clamp-On Table Box w/ 3 AC outlets, 1 Dual Charger, 2 Snap-In kits, Aluminum housing ",$180.00 ,13,/Symph/images/back_images/Clamp-on/SYM-CL-3AC-1CA-2SS-CCC/SYM-CL-3AC-1CA-2SS-CCC_allwhite.png,,658,200,"482,80","612,80","557,80","687,80",,,,,,,,,,0,1,2
,15,SYM-CL-3AC-1CA-1VGA-2SS-CCC,1,"Symphony Clamp-On Table Box w/ 3 AC outlets, 1 Dual Charger, 2 Snap-In kits, 1 VGA Inset, Aluminum housing",$189.00 ,13,/Symph/images/back_images/Clamp-on/SYM-CL-3AC-1CA-1VGA-2SS-CCC/SYM-CL-3AC-1CA-1VGA-2SS-CCC_allwhite.png,,778,200,"600,80","730,80","675,80","805,80",,,,,,,,,,0,1,2
,16,SYM-CL-3AC-2CA-CCC,1,"Symphony Clamp-On Table Box w/ 3 AC outlets, 2 Dual Chargers, Aluminum housing ",$187.00 ,13,/Symph/images/back_images/Clamp-on/SYM-CL-3AC-2CA-CCC/SYM-CL-3AC-2CA-CCC_allwhite.png,,625,200,,,,,,,,,,,,,,0,0,0
,17,SYM-CL-3AC-2CA-1SS-CCC,1,"Symphony Clamp-On Table Box w/ 3 AC outlets, 2 Dual Chargers, 1 Snap-In kit, Aluminum housing ",$196.00 ,13,/Symph/images/back_images/Clamp-on/SYM-CL-3AC-2CA-1SS-CCC/SYM-CL-3AC-2CA-1SS-CCC_allwhite.png,,695,200,"594,80","725,80",,,,,,,,,,,,0,1,1
,18,SYM-CL-3AC-2CA-2SS-CCC,1,"Symphony Clamp-On Table Box w/ 3 AC outlets, 2 Dual Chargers, 2 Snap-In kits, Aluminum housing ",$205.00 ,13,/Symph/images/back_images/Clamp-on/SYM-CL-3AC-2CA-2SS-CCC/SYM-CL-3AC-2CA-2SS-CCC_allwhite.png,,768,200,"595,80","725,80","670,80","800,80",,,,,,,,,,0,1,2
,19,SYM-CL-3AC-1CA-1XLR-2SS-CCC,1,"Symphony Clamp-On Table Box w/ 3 AC outlets, 2 Dual Chargers, 2 Snap-In kits, Aluminum housing ",$189.00 ,13,/Symph/images/back_images/Clamp-on/SYM-CL-3CA-1CA-1XLR-2SS-CCC/SYM-CL-3AC-1CA-1XLR-2SS-CCC_allwhite.png,,777,200,"600,80","730,80","675,80","805,80",,,,,,,,,,0,1,2
,,,,,,,,,,,,,,,,,,,,,,,,,,
,20,SYM-CL-4AC-1CA-CCC,1,"Symphony Clamp-On Table Box w/ 4 AC outlets, 1 Dual Charger, Aluminum housing",$179.00 ,14,/Symph/images/back_images/Clamp-on/SYM-CL-4AC-1CA-CCC/SYM-CL-4AC-1CA-CCC_allwhite.png,,631,200,,,,,,,,,,,,,,0,0,0
,21,SYM-CL-4AC-1CA-1SS-CCC,1,"Symphony Clamp-On Table Box w/ 4 AC outlets, 1 Dual Charger, 1 Snap-In kit, Aluminum housing",$188.00 ,14,/Symph/images/back_images/Clamp-on/SYM-CL-4AC-1CA-1SS-CCC/SYM-CL-4AC-1CA-1SS-CCC_allwhite.png,,696,200,"594,80","725,80",,,,,,,,,,,,0,1,1
,22,SYM-CL-4AC-1SS-CCC,1," Symphony Clamp-On Table Box w/ 4 AC outlets, 1 Snap-In kit, Aluminum housing ",$163.00 ,14,/Symph/images/back_images/Clamp-on/SYM-CL-4AC-1SS-CCC/SYM-CL-4AC-1SS-CCC_allwhite.png,,590,200,"487,80","617,80",,,,,,,,,,,,0,1,1
,23,SYM-CL-4AC-1CA-2SS-CCC,1,"Symphony Clamp-On Table Box w/ 4 AC outlets, 1 Dual Charger, 2 Snap-In kits, Aluminum housing",$197.00 ,14,/Symph/images/back_images/Clamp-on/SYM-CL-4AC-1CA-2SS-CCC/SYM-CL-4AC-1CA-2SS-CCC_allwhite.png,,781,200,"603,80","732,80","677,80","807,80",,,,,,,,,,0,1,2
,24,SYM-CL-4AC-1VGA-2SS-CCC,1," Symphony Clamp-On Table Box w/ 4 AC outlets, 2 Snap-In kits, 1 VGA Insert, Aluminum housing",$181.00 ,14,/Symph/images/back_images/Clamp-on/SYM-CL-4AC-1VGA-2SS-CCC/SYM-CL-4AC-1VGA-2SS-CCC_allwhite.png,,775,200,"599,80","729,80","674,80","804,80",,,,,,,,,,0,1,2
,25,SYM-CL-4AC-1XLR-2SS-CCC,1,"Symphony Clamp-On Table Box w/ 4 AC outlets, 2 Snap-In kits, 1 XLR Insert, Aluminum housing ",$181.00 ,14,/Symph/images/back_images/Clamp-on/SYM-CL-4AC-1XLR-2SS-CCC/SYM-CL-4AC-1XLR-2SS-CCC_allwhite.png,,773,200,"598,80","728,80","673,80","803,80",,,,,,,,,,0,1,2
,,,,,,,,,,,,,,,,,,,,,,,,,,
,26,SYM-CL-5AC-1SS-CCC,1," Symphony Clamp-On Table Box w/ 5 AC outlets, 1 Snap-In kit, Aluminum housing ",$180.00 ,15,/Symph/images/back_images/Clamp-on/SYM-CL-5AC-1SS-CCC/SYM-CL-5AC-1SS-CCC_allwhite.png,,700,200,"596,80","726,80",,,,,,,,,,,,0,1,1
,27,SYM-CL-5AC-2CA-1SS-CCC,1," Symphony Clamp-On Table Box w/ 5 AC outlets, 2 Dual Chargers, 1 Snap-In kit, Aluminum housing",$230.00 ,15,/Symph/images/back_images/Clamp-on/SYM-CL-5AC-2CA-1SS-CCC/SYM-CL-5AC-2CA-1SS-CCC_allwhite.png,,925,200,"824,80","954,80",,,,,,,,,,,,0,1,1
,28,SYM-CL-5AC-2SS-CCC,1," Symphony Clamp-On Table Box w/ 5 AC outlets, 1 Snap-In kit, Aluminum housing ",$189.00 ,15,/Symph/images/back_images/Clamp-on/SYM-CL-5AC-2SS-CCC/SYM-CL-5AC-2SS-CCC_allwhite.png,,772,200,"596,80","726,80","671,80","801,80",,,,,,,,,,0,1,2
,29,SYM-CL-5AC-CCC,1,"Symphony Clamp-On Table Box w/ 5 AC outlets, Aluminum housing ",$171.00 ,15,/Symph/images/back_images/Clamp-on/SYM-CL-5AC-CCC/SYM-CL-5AC-CCC_allwhite.png,,618,200,,,,,,,,,,,,,,0,0,0
,,,,,,,,,,,,,,,,,,,,,,,,,,
,30,SYM-UT-2AC-1CA-CCC,1,"Symphony Under-Table Table Box w/ 2 AC outlets, 1 Dual Charger, Aluminum housing ",$145.00 ,22,/Symph/images/back_images/Under-Table/SYM-UT-2AC-1CA-CCC/SYM-UT-2AC-1CA-CCC_allwhite.png,,394,200,,,,,,,,,,,,,,0,0,0
,31,SYM-UT-2AC-1CA-1SS-CCC,1,"Symphony Under-Table Table Box w/ 2 AC outlets, 1 Dual Charger, 1 Snap-In kit, Aluminum housing ",$154.00 ,22,/Symph/images/back_images/Under-Table/SYM-UT-2AC-1CA-1SS-CCC/SYM-UT-2AC-1CA-1SS-CCC_allwhite.png,,469,200,"37,80","167,80",,,,,,,,,,,,0,1,1
,32,SYM-UT-2AC-1CA-1VGA-2SS-CCC,1,"Symphony Under-Table Table Box w/ 2 AC outlets, 1 Dual Charger, 2 Snap-In kits, 1 VGA Insert, Aluminum housing ",$172.00 ,22,/Symph/images/back_images/Under-Table/SYM-UT-2AC-1CA-1VGA-2SS-CCC/SYM-CL-2AC-1CA-1VGA-2SS-CCC_allwhite.png,,657,200,"35,80","165,80","110,80","240,80",,,,,,,,,,0,1,2
,33,SYM-UT-2AC-1CA-1XLR-2SS-CCC,1,"Symphony Under-Table Table Box w/ 2 AC outlets, 1 Dual Charger, 2 Snap-In kits, 1 XLR Insert, Aluminum housing ",$172.00 ,22,/Symph/images/back_images/Under-Table/SYM-UT-2AC-1CA-1XLR-2SS-CCC/SYM-UT-2AC-1CA-1XLR-2SS-CCC_allwhite.png,,654,200,"31,80","161,80","106,80","236,80",,,,,,,,,,0,1,2
,34,SYM-UT-2AC-1CA-2SS-CCC,1,"Symphony Under-Table Table Box w/ 2 AC outlets, 1 Dual Charger, 2 Snap-In kits, Aluminum housing ",$163.00 ,22,/Symph/images/back_images/Under-Table/SYM-UT-2AC-1CA-2SS-CCC/SYM-UT-2AC-1CA-2SS-CCC_allwhite.png,,549,200,"39,80","169,80","114,80","244,80",,,,,,,,,,0,1,2
,35,SYM-UT-2AC-2CA-CCC,1,"Symphony Under-Table Table Box w/ 2 AC outlets, 2 Dual Chargers, Aluminum housing",$170.00 ,22,/Symph/images/back_images/Under-Table/SYM-UT-2AC-2CA-CCC/SYM-UT-2AC-2CA-CCC_allwhite.png,,512,200,,,,,,,,,,,,,,0,0,0
,36,SYM-UT-2AC-2CA-1SS-CCC,1,"Symphony Under-Table Table w/ 2 AC outlets, 2 Dual Chargers, 1 Snap-In kit, Aluminum housing",$179.00 ,22,/Symph/images/back_images/Under-Table/SYM-UT-2AC-2CA-1SS-CCC/SYM-UT-2AC-2CA-1SS-CCC_allwhite.png,,579,200,"37,80","167,80",,,,,,,,,,,,0,1,1
,37,SYM-UT-2AC-2CA-1VGA-2SS-CCC,1,"Symphony Under-Table Table Box w/ 2 AC outlets, 2 Dual Chargers, 2 Snap-In kits, 1 VGA Insert, Aluminum housing",$197.00 ,22,/Symph/images/back_images/Under-Table/SYM-UT-2AC-2CA-1VGA-2SS-CCC/SYM-UT-2AC-2CA-1VGA-2SS-CCC_allwhite.png,,767,200,"36,80","166,80","112,80","242,80",,,,,,,,,,0,1,2
,38,SYM-UT-2AC-2CA-1XLR-2SS-CCC,1,"Symphony Under-Table Table Box w/ 2 AC outlets, 2 Dual Chargers, 2 Snap-In kits, 1 XLR Insert, Aluminum housing ",$197.00 ,22,/Symph/images/back_images/Under-Table/SYM-UT-2AC-2CA-1XLR-2SS-CCC/SYM-CL-2AC-2CA-1XLR-2SS-CCC_allwhite.png,,765,200,"35,80","165,80","111,80","241,80",,,,,,,,,,0,1,2
,39,SYM-UT-2AC-2CA-2SS-CCC,1,"Symphony Under-Table Table Box w/ 2 AC outlets, 2 Dual Charger, 2 Snap-In kits, Aluminum housing ",$188.00 ,22,/Symph/images/back_images/Under-Table/SYM-UT-2AC-2CA-2SS-CCC/SYM-UT-2AC-2CA-2SS-CCC_allwhite.png,,658,200,"36,80","166,80","112,80","242,80",,,,,,,,,,0,1,2
,,,,,,,,,,,,,,,,,,,,,,,,,,
,40,SYM-UT-3AC-1CA-CCC,1,"Symphony Under-Table Table Box w/ 3 AC outlets, 1 Dual Charger, Aluminum housing",$162.00 ,23,/Symph/images/back_images/Under-Table/SYM-UT-3AC-1CA-CCC/SYM-UT-3AC-1CA-CCC_allwhite.png,,508,200,,,,,,,,,,,,,,0,0,0
,41,SYM-UT-3AC-1CA-1SS-CCC,1,"Symphony Under-Table Table Box w/ 3 AC outlets, 1 Dual Charger, 1 Snap-In kit, Aluminum housing",$171.00 ,23,/Symph/images/back_images/Under-Table/SYM-UT-3AC-1CA-1SS-CCC/SYM-UT-3AC-1CA-1SS-CCC_allwhite.png,,582,200,"37,80","167,80",,,,,,,,,,,,0,1,1
,42,SYM-UT-3AC-1CA-2SS-CCC,1,"Symphony Under-Table Table Box w/ 3 AC outlets, 1 Dual Charger, 2 Snap-In kits, Aluminum housing ",$126.00 ,23,/Symph/images/back_images/Under-Table/SYM-UT-3AC-1CA-2SS-CCC/SYM-UT-3AC-1CA-2SS-CCC_allwhite.png,,658,200,"37,80","167,80","113,80","243,80",,,,,,,,,,0,1,2
,43,SYM-UT-3AC-1CA-1VGA-2SS-CCC,1,"Symphony Under-Table Table Box w/ 3 AC outlets, 1 Dual Charger, 2 Snap-In kits, 1 VGA Insert, Aluminum housing",$189.00 ,23,/Symph/images/back_images/Under-Table/SYM-UT-3AC-1CA-1VGA-2SS-CCC/SYM-UT-3AC-1CA-1VGA-2SS-CCC_allwhite.png,,778,200,"41,80","171,80","117,80","247,80",,,,,,,,,,0,1,2
,44,SYM-UT-3AC-1CA-1XLR-2SS-CCC,1,"Symphony Under-Table Table Box w/ 3 AC outlets, 1 Dual Charger, 2 Snap-In kits, 1 XLR Insert, Aluminum housing",$189.00 ,23,/Symph/images/back_images/Under-Table/SYM-UT-3AC-1CA-1XLR-2SS-CCC/SYM-UT-3AC-1CA-1XLR-2SS-CCC_allwhite.png,,777,200,"41,80","171,80","117,80","247,80",,,,,,,,,,0,1,2
,45,SYM-UT-3AC-2CA-CCC,1,"Symphony Under-Table Table Box w/ 3 AC outlets, 2 Dual Charger, Aluminum housing ",$187.00 ,23,/Symph/images/back_images/Under-Table/SYM-UT-3AC-2CA-CCC/SYM-CUT-3AC-2CA-CCC_allwhite.png,,625,200,,,,,,,,,,,,,,0,0,0
,46,SYM-UT-3AC-2CA-1SS-CCC,1,"Symphony Under-Table Table Box w/ 3 AC outlets, 2 Dual Chargers, 1 Snap-In kit, Aluminum housing ",$196.00 ,23,/Symph/images/back_images/Under-Table/SYM-UT-3AC-2CA-1SS-CCC/SYM-UT-3AC-2CA-1SS-CCC_allwhite.png,,695,200,"37,80","167,80",,,,,,,,,,,,0,1,1
,47,SYM-UT-3AC-2CA-2SS-CCC,1,"Symphony Under-Table Table Box w/ 3 AC outlets, 2 Dual Chargers, 2 Snap-In kits, Aluminum housing ",$205.00 ,23,/Symph/images/back_images/Under-Table/SYM-UT-3AC-2CA-2SS-CCC/SYM-UT-3AC-2CA-2SS-CCC_allwhite.png,,768,200,"37,80","167,80","113,80","243,80",,,,,,,,,,0,1,2
,,,,,,,,,,,,,,,,,,,,,,,,,,
,48,SYM-UT-4AC-1CA-SSS,1,"Symphony Under-Table Table Box w/ 4 AC outlets, 1 Dual Charger, Aluminum housing ",$179.00 ,24,/Symph/images/back_images/Under-Table/SYM-UT-4AC-1CA-SSS/SYM-UT-4AC-1CA-SSS_allwhite.png,,631,200,,,,,,,,,,,,,,0,0,0
,49,SYM-UT-4AC-1CA-1SS-CCC,1,"Symphony Under-Table Table Box w/ 4 AC outlets, 1 Dual Charger, 1 Snap-In kit, Aluminum housing ",$188.00 ,24,/Symph/images/back_images/Under-Table/SYM-UT-4AC-1CA-1SS-CCC/SYM-UT-4AC-1CA-1SS-CCC_allwhite.png,,696,200,"37,80","167,80",,,,,,,,,,,,0,1,1
,50,SYM-UT-4AC-1CA-2SS-CCC,1,"Symphony Under-Table Table Box w/ 4 AC outlets, 1 Dual Charger, 2 Snap-In kits, Aluminum housing ",$197.00 ,24,/Symph/images/back_images/Under-Table/SYM-UT-4AC-1CA-2SS-CCC/SYM-UT-4AC-1CA-2SS-CCC_allwhite.png,,781,200,"41,80","171,80","117,80","247,80",,,,,,,,,,0,1,2
,51,SYM-UT-4AC-1SS-CCC,1,"Symphony Under-Table Table Box w/ 4 AC outlets, 1 Snap-In kit, Aluminum housing",$163.00 ,24,/Symph/images/back_images/Under-Table/SYM-UT-4AC-1SS-CCC/SYM-UT-4AC-1SS-CCC_allwhite.png,,590,200,"41,80","171,80",,,,,,,,,,,,0,1,1
,52,SYM-UT-4AC-1VGA-2SS-CCC,1,"Symphony Under-Table Table Box w/ 4 AC outlets, 2 Snap-In kits, 1 VGA Insert, Aluminum housing",$181.00 ,24,/Symph/images/back_images/Under-Table/SYM-UT-4AC-1VGA-2SS-CCC/SYM-UT-4AC-1VGA-2SS-CCC_allwhite.png,,775,200,"40,80","170,80","116,80","246,80",,,,,,,,,,0,1,2
,53,SYM-UT-4AC-1XLR-2SS-CCC,1," Symphony Under-Table Table Box w/ 4 AC outlets, 2 Snap-In kits, 1 XLR Insert, Aluminum housing ",$181.00 ,24,/Symph/images/back_images/Under-Table/SYM-UT-4AC-1XLR-2SS-CCC/SYM-UT-4AC-1XLR-2SS-CCC_allwhite.png,,773,200,"39,80","169,80","114,80","244,80",,,,,,,,,,0,1,2
,,,,,,,,,,,,,,,,,,,,,,,,,,
,54,SYM-UT-5AC-CCC,1,"Symphony Under-Table Table Box w/ 5 AC outlets, Aluminum housing ",$171.00 ,25,/Symph/images/back_images/Under-Table/SYM-UT-5AC-CCC/SYM-UT-5AC-CCC_allwhite.png,,618,200,,,,,,,,,,,,,,0,0,0
,55,SYM-UT-5AC-1SS-CCC,1,"Symphony Under-Table Table Box w/ 5 AC outlets, 1 Snap-In kit, Aluminum housing ",$180.00 ,25,/Symph/images/back_images/Under-Table/SYM-UT-5AC-1SS-CCC/SYM-UT-5AC-1SS-CCC_allwhite.png,,700,200,"39,80","169,80",,,,,,,,,,,,0,1,1
,56,SYM-UT-5AC-2CA-1SS-CCC,1,"Symphony Under-Table Table Box w/ 5 AC outlets, 2 Dual Chargers, 1 Snap-In kit, Aluminum housing ",$230.00 ,25,/Symph/images/back_images/Under-Table/SYM-UT-5AC-2CA-1SS-CCC/SYM-UT-5AC-2CA-1SS-CCC_allwhite.png,,925,200,"41,80","171,80",,,,,,,,,,,,0,1,1
,57,SYM-UT-5AC-2SS-CCC,1,"Symphony Under-Table Table Box w/ 5 AC outlets, 1 Snap-In kit, Aluminum housing ",$189.00 ,25,/Symph/images/back_images/Under-Table/SYM-UT-5AC-2SS-CCC/SYM-UT-5AC-2SS-CCC_allwhite.png,,772,200,"39,80","169,80","114,80","244,80",,,,,,,,,,0,1,2
,,,,,,,,,,,,,,,,,,,,,,,,,,
,58,SYM-IN-2AC-1CA-1SS-CCC,1," Symphony In-Table Table Box w/ 2 AC outlets, 1 Dual Charger, 1 Snap-In kit, Aluminum Housing - Frame B Cut-Out",$197.00 ,32,/Symph/images/back_images/In-Table/SYM-IN-2AC-1CA-1SS-CCC/SYM-IN-2AC-1CA-1SS-CCC_allwhite.png,,539,200,"427,80","556,80",,,,,,,,,,,,0,1,1
,59,SYM-IN-2AC-1CA-1VGA-1SS-CCC,1,"Symphony In-Table Table Box w/ 2 AC outlets, 1 Dual Charger, 1 Snap-In kit, 1 VGA Insert, Aluminum Housing - Frame C Cut-Out",$206.00 ,32,/Symph/images/back_images/In-Table/SYM-IN-2AC-1CA-1VGA-1SS-CCC/SYM-IN-2AC-1CA-1VGA-1SS-CCC_allwhite.png,,617,200,"507,80","637,80",,,,,,,,,,,,0,1,1
,60,SYM-IN-2AC-1CA-2SS-CCC,1,"Symphony In-Table Table Box w/ 2 AC outlets, 1 Dual Charger, 2 Snap-In kits, Aluminum Housing - Frame C Cut-Out",$222.00 ,32,/Symph/images/back_images/In-Table/SYM-IN-2AC-1CA-2SS-CCC/SYM-IN-2AC-1CA-2SS-CCC_allwhite.png,,616,200,"428,80","557,80","504,80","633,80",,,,,,,,,,0,1,2
,61,SYM-IN-2AC-1SS-CCC,1,"Symphony In-Table Table Box w/ 2 AC outlets, 1 Snap-In kit, Aluminum Housing - Frame A Cut-Out",$172.00 ,32,/Symph/images/back_images/In-Table/SYM-IN-2AC-1SS-CCC/SYM-IN-2AC-1SS-CCC_allwhite.png,,426,200,"313,80","443,80",,,,,,,,,,,,0,1,1
,62,SYM-IN-2AC-1CA-CCC,1,"Symphony In-Table Table Box w/ 2 AC outlets, 1 Dual Charger, Aluminum Housing - Frame A Cut-Out",$188.00 ,32,/Symph/images/back_images/In-Table/SYM-IN-2AC-1CA-CCC/SYM-IN-2AC-1CA-CCC_allwhite.png,,425,200,,,,,,,,,,,,,,0,0,0
,63,SYM-IN-2AC-2CA-1SS-CCC,1,"Symphony In-Table Table Box w/ 2 AC outlets, 2 Dual Chargers, 1 Snap-In kit, Aluminum Housing - Frame C Cut-Out",$222.00 ,32,/Symph/images/back_images/In-Table/SYM-IN-2AC-2CA-1SS-CCC/SYM-IN-2AC-2CA-1SS-CCC_allwhite.png,,609,200,"501,80","631,80",,,,,,,,,,,,0,1,1
,64,SYM-IN-3AC-1CA-CCC,1,"Symphony In-Table Table Box w/ 3 AC outlets, 1 Dual Charger, Aluminum Housing - Frame B Cut-Out",$205.00 ,33,/Symph/images/back_images/In-Table/SYM-IN-3AC-1CA-CCC/SYM-IN-3AC-1CA-CCC_allwhite.png,,538,200,,,,,,,,,,,,,,0,0,0
,65,SYM-IN-3AC-1CA-1SS-CCC,1,"Symphony In-Table Table Box w/ 3 AC outlets, 1 Dual Charger, 1 Snap-In kit, Aluminum Housing - Frame C Cut-Out",$214.00 ,33,/Symph/images/back_images/In-Table/SYM-IN-3AC-1CA-1SS-CCC/SYM-IN-3AC-1CA-1SS-CCC_allwhite.png,,613,200,"503,80","633,80",,,,,,,,,,,,0,1,1
,66,SYM-IN-3AC-2CA-CCC,1,"Symphony In-Table Table Box w/ 3 AC outlets, 2 Dual Chargers, Aluminum Housing - Frame D Cut-Out",$230.00 ,33,/Symph/images/back_images/In-Table/SYM-IN-3AC-2CA-CCC/SYM-IN-3AC-2CA-CCC-allwhite.png,,724,200,,,,,,,,,,,,,,0,0,0
,67,SYM-IN-3AC-1CA-2SS-CCC,1,"Symphony In-Table Table Box w/ 3 AC outlets, 1 Dual Charger, 2 Snap-In kits, Aluminum Housing - Frame D Cut-Out",$223.00 ,33,/Symph/images/back_images/In-Table/SYM-IN-3AC-1CA-2SS-CCC/SYM-IN-3AC-1CA-2SS-CCC_allwhite.png,,722,200,"536,80","666,80","612,80","741,80",,,,,,,,,,0,1,2
,68,SYM-IN-3AC-1CA-VGA-1SS-CCC,1,"Symphony In-Table Table Box w/ 3 AC outlets, 1 Dual Charger, 1 Snap-In kit, 1 VGA Insert, Aluminum Housing - Frame D Cut-Out",$223.00 ,33,/Symph/images/back_images/In-Table/SYM-IN-3AC-1CA-VGA-1SS-CCC/SYM-IN-3AC-1CA-VGA-1SS-CCC_allwhite.png,,722,200,"614,80","744,80",,,,,,,,,,,,0,1,1
,69,SYM-IN-3AC-2CA-1SS-CCC,1,"Symphony In-Table Table Box w/ 3 AC outlets, 2 Dual Chargers, 1 Snap-In kit, Aluminum Housing - Frame D Cut-Out",$239.00 ,33,/Symph/images/back_images/In-Table/SYM-IN-3AC-2CA-1SS-CCC/SYM-IN-3AC-2CA-1SS-CCC_allwhite.png,,723,200,"615,80","745,80",,,,,,,,,,,,0,1,1
,70,SYM-IN-4AC-1CA-CCC,1,"Symphony In-Table Table Box w/ 4 AC outlets, 1 Dual Charger, Aluminum Housing - Frame D Cut-Out",$222.00 ,34,/Symph/images/back_images/In-Table/SYM-IN-4AC-1CA-CCC/SYM-IN-4AC-1CA-CCC_allwhite.png,,724,200,,,,,,,,,,,,,,0,0,0
,71,SYM-IN-4AC-1CA-1SS-CCC,1,"Symphony In-Table Table Box w/ 4 AC outlets, 1 Dual Charger, 1 Snap-In kit, Aluminum Housing - Frame D Cut-Out",$231.00 ,34,/Symph/images/back_images/In-Table/SYM-IN-4AC-1CA-1SS-CCC/SYM-IN-4AC-1CA-1SS-CCC_allwhite.png,,728,200,"617,80","747,80",,,,,,,,,,,,0,1,1
,,,,,,,,,,,,,,,,,,,,,,,,,,
,,,,,,,,,,,,,,,,,,,,,,,,,,
,72,SYM-DIN-2AC-1CA-1SS-CCC,1,"Symphony Dual In-Table Table Box w/ 2 AC outlets, 1 Dual Charger, 1 Snap-In kit, Aluminum Housing- Frame B Cut-Out",$355.00 ,42,/Symph/images/back_images/Dual-In-Table/SYM-DIN-2AC-1CA-1SS-CCC/SYM-DIN-2AC-1CA-1SS-CCC_allwhite.png,,539,200,"427,80","557,80",,,,,,,,,,,,0,1,1
,73,SYM-DIN-2AC-1CA-1VGA-1SS-CCC,1,"Symphony Dual In-Table Table Box w/ 2 AC outlets, 1 Dual Charger, 1 Snap-In kit, 1 VGA Insert, Aluminum Housing - Frame C Cut-Out",$373.00 ,42,/Symph/images/back_images/Dual-In-Table/SYM-DIN-2AC-1CA-1VGA-1SS-CCC/SYM-DIN-2AC-1CA-1VGA-1SS-CCC_allwhite.png,,617,200,"506,80","636,80",,,,,,,,,,,,0,1,1
,74,SYM-DIN-2AC-1CA-2SS-CCC,1,"Symphony Dual In-Table Table Box w/ 2 AC outlets, 1 Dual Charger, 2 Snap-In kits, Aluminum Housing - Frame C Cut-Out",$373.00 ,42,/Symph/images/back_images/Dual-In-Table/SYM-DIN-2AC-1CA-2SS-CCC/SYM-DIN-2AC-1CA-2SS-CCC_allwhite.png,,616,200,"430,80","560,80","505,80","634,80",,,,,,,,,,0,1,2
,75,SYM-DIN-2AC-1SS-CCC,1,"Symphony Dual In-Table Table Box w/ 2 AC outlets, 1 Snap-In kit, Aluminum Housing - Frame A Cut-Out",$305.00 ,42,/Symph/images/back_images/Dual-In-Table/SYM-DIN-2AC-1SS-CCC/SYM-DIN-2AC-1SS-CCC_allwhite.png,,426,200,"314,80","444,80",,,,,,,,,,,,0,1,1
,76,SYM-DIN-2AC-1CA-CCC,1,"Symphony Dual In-Table Table Box w/ 2 AC outlets,1 Dual Charger, Aluminum Housing - Frame A Cut-Out",$337.00 ,42,/Symph/images/back_images/Dual-In-Table/SYM-DIN-2AC-1CA-CCC/SYM-DIN-2AC-1CA-CCC_allwhite.png,,425,200,,,,,,,,,,,,,,0,0,0
,77,SYM-DIN-2AC-2CA-1SS-CCC,1,"Symphony Dual In-Table Table Box w/ 2 AC outlets, 2 Dual Chargers, 1 Snap-In kit, Aluminum Housing - Frame C Cut-Out",$405.00 ,42,/Symph/images/back_images/Dual-In-Table/SYM-DIN-2AC-2CA-1SS-CCC/SYM-DIN-2AC-2CA-1SS-CCC_allwhite.png,,609,200,"501,80","631,80",,,,,,,,,,,,0,1,1
,78,SYM-DIN-3AC-2CA-CCC,1,"Symphony Dual In-Table Table Box w/ 3 AC outlets, 2 Dual Chargers, Aluminum Housing",$421.00 ,43,/Symph/images/back_images/Dual-In-Table/SYM-DIN-3AC-2CA-CCC/SYM-DIN-3AC-2CA-CCC_allwhite.png,,724,200,,,,,,,,,,,,,,0,0,0
,79,SYM-DIN-3AC-1CA-1SS-CCC,1,"Symphony Dual In-Table Table Box w/ 3 AC outlets, 1 Dual Charger, 1 Snap-In kit, Aluminum Housing",$189.00 ,43,/Symph/images/back_images/Dual-In-Table/SYM-DIN-3AC-1CA-1SS-CCC/SYM-DIN-3AC-1CA-1SS-CCC_allwhite.png,,613,200,"502,80","631,80",,,,,,,,,,,,0,1,1
,80,SYM-DIN-3AC-1CA-2SS-CCC,1,"Symphony Dual In-Table Table Box w/ 3 AC outlets, 1 Dual Charger, 2 Snap-In kit, Aluminum Housing - Frame D Cut-Out",$407.00 ,43,/Symph/images/back_images/Dual-In-Table/SYM-DIN-3AC-1CA-2SS-CCC/SYM-DIN-3AC-1CA-2SS-CCC_allwhite.png,,722,200,"537,80","666,80","613,80","742,80",,,,,,,,,,0,1,2
,81,SYM-DIN-3AC-1CA-VGA-1SS-CCC,1,"Symphony Dual In-Table Table Box w/ 3 AC outlets, 1 Dual Charger, 1 Snap-In kit,1 VGA Insert Aluminum Housing - Frame D Cut-Out",$407.00 ,43,/Symph/images/back_images/Dual-In-Table/SYM-DIN-3AC-1CA-VGA-1SS-CCC/SYM-DIN-3AC-1CA-VGA-1SS-CCC_allwhite.png,,722,200,"614,80","744,80",,,,,,,,,,,,0,1,1
,82,SYM-DIN-3AC-2CA-1SS-CCC,1,"Symphony Dual In-Table Table Box w/ 3 AC outlets, 2 Dual Chargers, 1 Snap-In kit, Aluminum Housing",$439.00 ,43,/Symph/images/back_images/Dual-In-Table/SYM-DIN-3AC-2CA-1SS-CCC/SYM-DIN-3AC-2CA-1SS-CCC_allwhite.png,,723,200,"615,80","745,80",,,,,,,,,,,,0,1,1
,83,SYM-DIN-4AC-1CA-CCC,1,"Symphony Dual In-Table Table Box w/ 4 AC outlets, 1 Dual Charger, Aluminum Housing - Frame D Cut-Out",$405.00 ,44,/Symph/images/back_images/Dual-In-Table/SYM-DIN-4AC-1CA-CCC/SYM-DIN-4AC-1CA-CCC_allwhite.png,,724,200,"618,80","748,80",,,,,,,,,,,,0,0,0
,84,SYM-DIN-4AC-1CA-1SS-CCC,1,"Symphony Dual In-Table Table Box w/ 4 AC outlets, 1 Dual Charger, 1 Snap-In kit, Aluminum Housing - Frame D Cut-Out",$423.00 ,44,/Symph/images/back_images/Dual-In-Table/SYM-DIN-4AC-1CA-1SS-CCC/SYM-DIN-4AC-1CA-1SS-CCC_allwhite.png,,728,200,"618,80","748,80",,,,,,,,,,,,0,1,1
,,,,,,,,,,,,,,,,,,,,,,,,,,
,,,,,,,,,,,,,,,,,,,,,,,,,,
,85,Blank Insert,2,Allwhite Empty Description,$0.00 ,1,/Symph/images/front_images/Snap-Ins-Plates/empty_allwhite.png,,78,148,"7,54","136,54",,,,,,,,,,,,0,0,0
,86,Single Insert,2,Allwhite 1slot Description,$0.00 ,1,/Symph/images/front_images/Snap-Ins-Plates/1slot_allwhite.png,,78,148,"7,54","136,54",,,,,,,,,,,"7,49",0,0,1
,87,Dual Insert,2,Allwhite 2slot Description,$0.00 ,1,/Symph/images/front_images/Snap-Ins-Plates/2slot_allwhite.png,,78,148,"7,54","136,54",,,,,,,,,,,"7,17|7,83",0,0,2
,,,,,,,,,,,,,,,,,,,,,,,,,,
,88,SS-CAT5e-X Punch Down,2,X- Symphony Punch Down - CAT5 jack,$17.00 ,11,/Symph/images/front_images/Snap-Ins/SS-CAT5e-X/SS-CAT5e-X_allwhite.png,/Symph/images/front_images/Snap-Ins/SS-CAT5e-X/SS-CAT5e-X_allwhite.png,65,60,,,,,,,,,,,,,,0,0,
,89,SS-CAT6-X Punch Down,2,X- Symphony Punch Down - CAT6 jack,$24.00 ,11,/Symph/images/front_images/Snap-Ins/SS-CAT6-X/SS-CAT6-X_allwhite.png,/Symph/images/front_images/Snap-Ins/SS-CAT6-X/SS-CAT6-X_allwhite.png,65,60,,,,,,,,,,,,,,0,0,
,90,SS-HDMI-X PassThru,2,X- HDMI Pass Through,$29.00 ,11,/Symph/images/front_images/Snap-Ins/SS-HDMI-X/SS-HDMI-X_allwhite.png,/Symph/images/front_images/Snap-Ins/SS-HDMI-X/SS-HDMI-X_allwhite.png,65,60,,,,,,,,,,,,,,0,0,
,91,SS-RJ45-X PassThru,2,X- CAT5E Pass Through,$17.00 ,11,/Symph/images/front_images/Snap-Ins/SS-RJ45-X/SS-RJ45-X_allwhite.png,/Symph/images/front_images/Snap-Ins/SS-RJ45-X/SS-RJ45-X_allwhite.png,65,60,,,,,,,,,,,,,,0,0,
,92,SS-RJCAT6-X PassThru,2,X- RJ-45 CAT6 Pass Through,$23.00 ,11,/Symph/images/front_images/Snap-Ins/SS-RJCAT6-X/SS-RJCAT6-X_allwhite.png,/Symph/images/front_images/Snap-Ins/SS-RJCAT6-X/SS-RJCAT6-X_allwhite.png,65,60,,,,,,,,,,,,,,0,0,
,93,SS-SCAT6A PassThru,2,CAT6A Shielded Snap In (Metal Finish),$29.00 ,11,/Symph/images/front_images/Snap-Ins/SS-SCAT6A/SS-SCAT6A_allwhite.png,/Symph/images/front_images/Snap-Ins/SS-SCAT6A/SS-SCAT6A_allwhite.png,65,60,,,,,,,,,,,,,,0,0,
,94,SS-USBA-X PassThru,2,X- Pass through Snap In - Fits any SS-3Port,$22.00 ,11,/Symph/images/front_images/Snap-Ins/SS-USBA-X/SS-USBA-X_allwhite.png,/Symph/images/front_images/Snap-Ins/SS-USBA-X/SS-USBA-X_allwhite.png,65,60,,,,,,,,,,,,,,0,0,
