{
  "swagger": "2.0",
  "info": {
    "version": "1.0.9-abcd",
    "title": "Swagger Sample API",
    "description": "A sample API that uses a petstore as an example to demonstrate features in the swagger-2.0 specification",
    "termsOfService": "http://swagger.io/terms/",
    "contact": {
      "name": "Swagger API Team",
      "url": "http://swagger.io"
    },
    "license": {
      "name": "Creative Commons 4.0 International",
      "url": "http://creativecommons.org/licenses/by/4.0/"
    }
  },
  "host": "my.api.com",
  "basePath": "/v1",
  "schemes": [
    "http",
    "https"
  ],
  "consumes": [
    "text/plain; charset=utf-8",
    "application/json",
    "application/vnd.github+json",
    "application/vnd.github.v3+json",
    "application/vnd.github.v3.raw+json",
    "application/vnd.github.v3.text+json",
    "application/vnd.github.v3.html+json",
    "application/vnd.github.v3.full+json",
    "application/vnd.github.v3.diff",
    "application/vnd.github.v3.patch"
  ],
  "produces": [
    "application/json",
    "application/xml"
  ],
  "paths": {
    "/pets/{id}": {
      "parameters": [
        {
          "name": "id",
          "in": "path",
          "description": "ID of pet to use",
          "required": true,
          "type": "array",
          "items": {
            "type": "string"
          },
          "collectionFormat": "csv"
        }
      ],
      "get": {
        "description": "Returns pets based on ID",
        "summary": "Find pets by ID",
        "operationId": "getPetsById",
        "produces": [
          "application/json",
          "text/html"
        ],
        "responses": {
          "200": {
            "description": "pet response",
            "schema": {
              "type": "array",
              "items": {
                "$ref": "#/definitions/Pet"
              }
            }
          },
          "default": {
            "description": "error payload",
            "schema": {
              "$ref": "#/definitions/ErrorModel"
            }
          }
        }
      }
    }
  },
  "definitions": {
    "Pet": {
      "required": [
        "name"
      ],
      "properties": {
        "name": {
          "type": "string"
        },
        "tag": {
          "type": "string"
        }
      }
    },
    "ErrorModel": {
      "required": [ "code", "message" ],
      "properties": {
        "code": {
          "type": "integer",
          "format": "int32"
        },
        "message": {
          "type": "string"
        }
      }
    }
  }
}
